drugname,routeadmin,antibiotic,pred_11,pred_12,all_pred_12,consistency_12,pred_13,pred_14,all_pred_14,consistency_14,pred_15,pred_16,all_pred_16,consistency_16,pred_17,pred_18,all_pred_18,consistency_18,pred_19,pred_20,all_pred_20,consistency_20
1000 ML - SODIUM CHLORIDE 0.9 % IV SOLN,IV,0,0,0,"['0', '0', '0', '0', '0']",1.0,0,0,"['0', '0', '0', '0', '0']",1.0,0,0,"['0', '0', '0', '0', '0']",1.0,0,0,"['0', '0', '0', '0', '0']",1.0,0,0,"['0', '0', '0', '0', '0']",1.0
POTASSIUM CHLORIDE CRYS ER 20 MEQ PO TBCR,PO,0,0,0,"['0', '0', '0', '0', '0']",1.0,0,0,"['0', '0', '0', '0', '0']",1.0,0,0,"['0', '0', '0', '0', '0']",1.0,0,0,"['0', '0', '0', '0', '0']",1.0,0,0,"['0', '0', '0', '0', '0']",1.0
SODIUM CHLORIDE 0.9 % IV : 1000 ML,IV,0,0,0,"['0', '0', '0', '0', '0']",1.0,0,0,"['0', '0', '0', '0', '0']",1.0,0,0,"['0', '0', '0', '0', '0']",1.0,0,0,"['0', '0', '0', '0', '0']",1.0,0,0,"['0', '0', '0', '0', '0']",1.0
NaCl 0.9% MBP,MISC,0,0,0,"['0', '0', '0', '0', '0']",1.0,0,0,"['0', '0', '0', '0', '0']",1.0,0,0,"['0', '0', '0', '0', '0']",1.0,0,0,"['0', '0', '0', '0', '0']",1.0,0,0,"['0', '0', '0', '0', '0']",1.0
SODIUM CHLORIDE 0.9% 1000 ML LVP,IV,0,0,0,"['0', '0', '0', '0', '0']",1.0,0,0,"['0', '0', '0', '0', '0']",1.0,0,0,"['0', '0', '0', '0', '0']",1.0,0,0,"['0', '0', '0', '0', '0']",1.0,0,0,"['0', '0', '0', '0', '0']",1.0
ZOFRAN,IV,0,0,0,"['0', '0', '0', '0', '0']",1.0,0,0,"['0', '0', '0', '0', '0']",1.0,0,0,"['0', '0', '0', '0', '0']",1.0,0,0,"['0', '0', '0', '0', '0']",1.0,0,0,"['0', '0', '0', '0', '0']",1.0
ACETAMINOPHEN 325 MG PO TABS,PO,0,0,0,"['0', '0', '0', '0', '0']",1.0,0,0,"['0', '0', '0', '0', '0']",1.0,0,0,"['0', '0', '0', '0', '0']",1.0,0,0,"['0', '0', '0', '0', '0']",1.0,0,0,"['0', '0', '0', '0', '0']",1.0
1000 ML FLEX CONT : SODIUM CHLORIDE 0.9 % IV SOLN,Intravenous,0,0,0,"['0', '0', '0', '0', '0']",1.0,0,0,"['0', '0', '0', '0', '0']",1.0,0,0,"['0', '0', '0', '0', '0']",1.0,0,0,"['0', '0', '0', '0', '0']",1.0,0,0,"['0', '0', '0', '0', '0']",1.0
NOVOLOG,subCUT,0,0,0,"['0', '0', '0', '0', '0']",1.0,0,0,"['0', '0', '0', '0', '0']",1.0,0,0,"['0', '0', '0', '0', '0']",1.0,0,0,"['0', '0', '0', '0', '0']",1.0,0,0,"['0', '0', '0', '0', '0']",1.0
ONDANSETRON 2 MG/1 ML 2ML SDV INJ,IV Push,0,0,0,"['0', '0', '0', '0', '0']",1.0,0,0,"['0', '0', '0', '0', '0']",1.0,0,0,"['0', '0', '0', '0', '0']",1.0,0,0,"['0', '0', '0', '0', '0']",1.0,0,0,"['0', '0', '0', '0', '0']",1.0
DEXTROSE 50%-WATER,INTRAVENOU,0,0,0,"['0', '0', '0', '0', '0']",1.0,0,0,"['0', '0', '0', '0', '0']",1.0,0,0,"['0', '0', '0', '0', '0']",1.0,0,0,"['0', '0', '0', '0', '0']",1.0,0,0,"['0', '0', '0', '0', '0']",1.0
GLUCOSE 15 GRAM/60 ML BQ LIQ,PO,0,0,0,"['0', '0', '0', '0', '0']",1.0,0,0,"['0', '0', '0', '0', '0']",1.0,0,0,"['0', '0', '0', '0', '0']",1.0,0,0,"['0', '0', '0', '0', '0']",1.0,0,0,"['0', '0', '0', '0', '0']",1.0
MAGNESIUM SULFATE 2 GM/50 ML IVPB,IVPB,0,0,0,"['0', '0', '0', '0', '0']",1.0,0,0,"['0', '0', '0', '0', '0']",1.0,0,0,"['0', '0', '0', '0', '0']",1.0,0,0,"['0', '0', '0', '0', '0']",1.0,0,0,"['0', '0', '0', '0', '0']",1.0
potassium CHLORIDE 20 mEq in,IVPB,0,0,0,"['0', '0', '0', '0', '0']",1.0,0,0,"['0', '0', '0', '0', '0']",1.0,0,0,"['0', '0', '0', '0', '0']",1.0,0,0,"['0', '0', '0', '0', '0']",1.0,0,0,"['0', '0', '0', '0', '0']",1.0
potassium CHLORIDE 20 MEQ TR TAB,PO,0,0,0,"['0', '0', '0', '0', '0']",1.0,0,0,"['0', '0', '0', '0', '0']",1.0,0,0,"['0', '0', '0', '0', '0']",1.0,0,0,"['0', '0', '0', '0', '0']",1.0,0,0,"['0', '0', '0', '0', '0']",1.0
SODIUM CHLORIDE 0.9 % SYRINGE : 10 ML SYRINGE,IV,0,0,0,"['0', '0', '0', '0', '0']",1.0,0,0,"['0', '0', '0', '0', '0']",1.0,0,0,"['0', '0', '0', '0', '0']",1.0,0,0,"['0', '0', '0', '0', '0']",1.0,0,0,"['0', '0', '0', '0', '0']",1.0
100 ML - POTASSIUM CHLORIDE 20 MEQ/100ML IV SOLN,IV,0,0,0,"['0', '0', '0', '0', '0']",1.0,0,0,"['0', '0', '0', '0', '0']",1.0,0,0,"['0', '0', '0', '0', '0']",1.0,0,0,"['0', '0', '0', '0', '0']",1.0,0,0,"['0', '0', '0', '0', '0']",1.0
INSULIN-LISPRO (rDNA) *UNIT* INJ,SubQ,0,0,0,"['0', '0', '0', '0', '0']",1.0,0,0,"['0', '0', '0', '0', '0']",1.0,0,0,"['0', '0', '0', '0', '0']",1.0,0,0,"['0', '0', '0', '0', '0']",1.0,0,0,"['0', '0', '0', '0', '0']",1.0
acetaMINOPHEN 325 MG TAB,PO,0,0,0,"['0', '0', '0', '0', '0']",1.0,0,0,"['0', '0', '0', '0', '0']",1.0,0,0,"['0', '0', '0', '0', '0']",1.0,0,0,"['0', '0', '0', '0', '0']",1.0,0,0,"['0', '0', '0', '0', '0']",1.0
POTASSIUM CHLORIDE 20 MEQ PO PACK,PER NG TUBE,0,0,0,"['0', '0', '0', '0', '0']",1.0,0,0,"['0', '0', '0', '0', '0']",1.0,0,0,"['0', '0', '0', '0', '0']",1.0,0,0,"['0', '0', '0', '0', '0']",1.0,0,0,"['0', '0', '0', '0', '0']",1.0
PANTOPRAZOLE SODIUM 40 MG IV SOLR,IV,0,0,0,"['0', '0', '0', '0', '0']",1.0,0,0,"['0', '0', '0', '0', '0']",1.0,0,0,"['0', '0', '0', '0', '0']",1.0,0,0,"['0', '0', '0', '0', '0']",1.0,0,0,"['0', '0', '0', '0', '0']",1.0
PANTOPRAZOLE SODIUM 40 MG PO TBEC,PO,0,0,0,"['0', '0', '0', '0', '0']",1.0,0,0,"['0', '0', '0', '0', '0']",1.0,0,0,"['0', '0', '0', '0', '0']",1.0,0,0,"['0', '0', '0', '0', '0']",1.0,0,0,"['0', '0', '0', '0', '0']",1.0
"Sodium Chloride 0.9% 1,000 ML BAG",IV,0,0,0,"['0', '0', '0', '0', '0']",1.0,0,0,"['0', '0', '0', '0', '0']",1.0,0,0,"['0', '0', '0', '0', '0']",1.0,0,0,"['0', '0', '0', '0', '0']",1.0,0,0,"['0', '0', '0', '0', '0']",1.0
LASIX,IV,0,0,0,"['0', '0', '0', '0', '0']",1.0,0,0,"['0', '0', '0', '0', '0']",1.0,0,0,"['0', '0', '0', '0', '0']",1.0,0,0,"['0', '0', '0', '0', '0']",1.0,0,0,"['0', '0', '0', '0', '0']",1.0
2 ML VIAL : ONDANSETRON HCL 4 MG/2ML IJ SOLN,IV,0,0,0,"['0', '0', '0', '0', '0']",1.0,0,0,"['0', '0', '0', '0', '0']",1.0,0,0,"['0', '0', '0', '0', '0']",1.0,0,0,"['0', '0', '0', '0', '0']",1.0,0,0,"['0', '0', '0', '0', '0']",1.0
Dextrose 50%,IV,0,0,0,"['0', '0', '0', '0', '0']",1.0,0,0,"['0', '0', '0', '0', '0']",1.0,0,0,"['0', '0', '0', '0', '0']",1.0,0,0,"['0', '0', '0', '0', '0']",1.0,0,0,"['0', '0', '0', '0', '0']",1.0
MORPHINE 2 MG/1 ML 1 ML SYR,IV Push,0,0,0,"['0', '0', '0', '0', '0']",1.0,0,0,"['0', '0', '0', '0', '0']",1.0,0,0,"['0', '0', '0', '0', '0']",1.0,0,0,"['0', '0', '0', '0', '0']",1.0,0,0,"['0', '0', '0', '0', '0']",1.0
ACETAMINOPHEN,ORAL,0,0,0,"['0', '0', '0', '0', '0']",1.0,0,0,"['0', '0', '0', '0', '0']",1.0,0,0,"['0', '0', '0', '0', '0']",1.0,0,0,"['0', '0', '0', '0', '0']",1.0,0,0,"['0', '0', '0', '0', '0']",1.0
ASPART insulin,MISC,0,0,0,"['0', '0', '0', '0', '0']",1.0,0,0,"['0', '0', '0', '0', '0']",1.0,0,0,"['0', '0', '0', '0', '0']",1.0,0,0,"['0', '0', '0', '0', '0']",1.0,0,0,"['0', '0', '0', '0', '0']",1.0
NARCAN,IV,0,0,0,"['0', '0', '0', '0', '0']",1.0,0,0,"['0', '0', '0', '0', '0']",1.0,0,0,"['0', '0', '0', '0', '0']",1.0,0,0,"['0', '0', '0', '0', '0']",1.0,0,0,"['0', '0', '0', '0', '0']",1.0
SUBLIMAZE,IV,0,0,0,"['0', '0', '0', '0', '0']",1.0,0,0,"['0', '0', '0', '0', '0']",1.0,0,0,"['0', '0', '0', '0', '0']",1.0,0,0,"['0', '0', '0', '0', '0']",1.0,0,0,"['0', '0', '0', '0', '0']",1.0
PERCOCET 5/325 TAB,PO,0,0,0,"['0', '0', '0', '0', '0']",1.0,0,0,"['0', '0', '0', '0', '0']",1.0,0,0,"['0', '0', '0', '0', '0']",1.0,0,0,"['0', '0', '0', '0', '0']",1.0,0,0,"['0', '0', '0', '0', '0']",1.0
SODIUM CHLORIDE 0.9 % IV SOLP,IV,0,0,0,"['0', '0', '0', '0', '0']",1.0,0,0,"['0', '0', '0', '0', '0']",1.0,0,0,"['0', '0', '0', '0', '0']",1.0,0,0,"['0', '0', '0', '0', '0']",1.0,0,0,"['0', '0', '0', '0', '0']",1.0
1000 ML FLEX CONT : SODIUM CHLORIDE 0.9 % IV SOLN,IV,0,0,0,"['0', '0', '0', '0', '0']",1.0,0,0,"['0', '0', '0', '0', '0']",1.0,0,0,"['0', '0', '0', '0', '0']",1.0,0,0,"['0', '0', '0', '0', '0']",1.0,0,0,"['0', '0', '0', '0', '0']",1.0
fentaNYL citrate (PF),INTRAVENOU,0,0,0,"['0', '0', '0', '0', '0']",1.0,0,0,"['0', '0', '0', '0', '0']",1.0,0,0,"['0', '0', '0', '0', '0']",1.0,0,0,"['0', '0', '0', '0', '0']",1.0,0,0,"['0', '0', '0', '0', '0']",1.0
3 ML VIAL : INSULIN LISPRO (HUMAN) 100 UNIT/ML SC SOLN,SC,0,0,0,"['0', '0', '0', '0', '0']",1.0,0,0,"['0', '0', '0', '0', '0']",1.0,0,0,"['0', '0', '0', '0', '0']",1.0,0,0,"['0', '0', '0', '0', '0']",1.0,0,0,"['0', '0', '0', '0', '0']",1.0
potassium chloride,PO,0,0,0,"['0', '0', '0', '0', '0']",1.0,0,0,"['0', '0', '0', '0', '0']",1.0,0,0,"['0', '0', '0', '0', '0']",1.0,0,0,"['0', '0', '0', '0', '0']",1.0,0,0,"['0', '0', '0', '0', '0']",1.0
SODIUM CHLORIDE 0.9%,IV,0,0,0,"['0', '0', '0', '0', '0']",1.0,0,0,"['0', '0', '0', '0', '0']",1.0,0,0,"['0', '0', '0', '0', '0']",1.0,0,0,"['0', '0', '0', '0', '0']",1.0,0,0,"['0', '0', '0', '0', '0']",1.0
473 ML - CHLORHEXIDINE GLUCONATE 0.12 % MT SOLN,SWISH,0,0,0,"['0', '0', '0', '0', '0']",1.0,0,0,"['0', '0', '0', '0', '0']",1.0,0,0,"['0', '0', '0', '0', '0']",1.0,0,0,"['0', '0', '0', '0', '0']",1.0,0,0,"['0', '0', '0', '0', '0']",1.0
1000 ML FLEX CONT: SODIUM CHLORIDE 0.9 % IV SOLN,IV,0,0,0,"['0', '0', '0', '0', '0']",1.0,0,0,"['0', '0', '0', '0', '0']",1.0,0,0,"['0', '0', '0', '0', '0']",1.0,0,0,"['0', '0', '0', '0', '0']",1.0,0,0,"['0', '0', '0', '0', '0']",1.0
fentaNYL (PF) 50 MCG/1 ML 2 ML INJ,IV Push,0,0,0,"['0', '0', '0', '0', '0']",1.0,0,0,"['0', '0', '0', '0', '0']",1.0,0,0,"['0', '0', '0', '0', '0']",1.0,0,0,"['0', '0', '0', '0', '0']",1.0,0,0,"['0', '0', '0', '0', '0']",1.0
TYLENOL,Oral,0,0,0,"['0', '0', '0', '0', '0']",1.0,0,0,"['0', '0', '0', '0', '0']",1.0,0,0,"['0', '0', '0', '0', '0']",1.0,0,0,"['0', '0', '0', '0', '0']",1.0,0,0,"['0', '0', '0', '0', '0']",1.0
GLUCAGON 1 MG (1 UNIT) INJ,SubQ,0,0,0,"['0', '0', '0', '0', '0']",1.0,0,0,"['0', '0', '0', '0', '0']",1.0,0,0,"['0', '0', '0', '0', '0']",1.0,0,0,"['0', '0', '0', '0', '0']",1.0,0,0,"['0', '0', '0', '0', '0']",1.0
50 ML SYRINGE : DEXTROSE 50 % IV SOLN,IV,0,0,0,"['0', '0', '0', '0', '0']",1.0,0,0,"['0', '0', '0', '0', '0']",1.0,0,0,"['0', '0', '0', '0', '0']",1.0,0,0,"['0', '0', '0', '0', '0']",1.0,0,0,"['0', '0', '0', '0', '0']",1.0
METOPROLOL TARTRATE 25 MG PO TABS,PO,0,0,0,"['0', '0', '0', '0', '0']",1.0,0,0,"['0', '0', '0', '0', '0']",1.0,0,0,"['0', '0', '0', '0', '0']",1.0,0,0,"['0', '0', '0', '0', '0']",1.0,0,0,"['0', '0', '0', '0', '0']",1.0
fentaNYL,IV,0,0,0,"['0', '0', '0', '0', '0']",1.0,0,0,"['0', '0', '0', '0', '0']",1.0,0,0,"['0', '0', '0', '0', '0']",1.0,0,0,"['0', '0', '0', '0', '0']",1.0,0,0,"['0', '0', '0', '0', '0']",1.0
MAGNESIUM SULF 2 G/50 ML NS,INTRAVENOU,0,0,0,"['0', '0', '0', '0', '0']",1.0,0,0,"['0', '0', '0', '0', '0']",1.0,0,0,"['0', '0', '0', '0', '0']",1.0,0,0,"['0', '0', '0', '0', '0']",1.0,0,0,"['0', '0', '0', '0', '0']",1.0
500 ML - SODIUM CHLORIDE 0.9 % IV SOLN,IV,0,0,0,"['0', '0', '0', '0', '0']",1.0,0,0,"['0', '0', '0', '0', '0']",1.0,0,0,"['0', '0', '0', '0', '0']",1.0,0,0,"['0', '0', '0', '0', '0']",1.0,0,0,"['0', '0', '0', '0', '0']",1.0
FUROSEMIDE,IV,0,0,0,"['0', '0', '0', '0', '0']",1.0,0,0,"['0', '0', '0', '0', '0']",1.0,0,0,"['0', '0', '0', '0', '0']",1.0,0,0,"['0', '0', '0', '0', '0']",1.0,0,0,"['0', '0', '0', '0', '0']",1.0
propofol,MISC,0,0,0,"['0', '0', '0', '0', '0']",1.0,0,0,"['0', '0', '0', '0', '0']",1.0,0,0,"['0', '0', '0', '0', '0']",1.0,0,0,"['0', '0', '0', '0', '0']",1.0,0,0,"['0', '0', '0', '0', '0']",1.0
D50,IV,0,0,0,"['0', '0', '0', '0', '0']",1.0,0,0,"['0', '0', '0', '0', '0']",1.0,0,0,"['0', '0', '0', '0', '0']",1.0,0,0,"['0', '0', '0', '0', '0']",1.0,0,0,"['0', '0', '0', '0', '0']",1.0
BISACODYL 10 MG RE SUPP,RE,0,0,0,"['0', '0', '0', '0', '0']",1.0,0,0,"['0', '0', '0', '0', '0']",1.0,0,0,"['0', '0', '0', '0', '0']",1.0,0,0,"['0', '0', '0', '0', '0']",1.0,0,0,"['0', '0', '0', '0', '0']",1.0
DEXTROSE 50% 25 GRAM/50 ML SYR,IV Push,0,0,0,"['0', '0', '0', '0', '0']",1.0,0,0,"['0', '0', '0', '0', '0']",1.0,0,0,"['0', '0', '0', '0', '0']",1.0,0,0,"['0', '0', '0', '0', '0']",1.0,0,0,"['0', '0', '0', '0', '0']",1.0
ONDANSETRON HCL 4 MG/2ML IJ SOLN,IV,0,0,0,"['0', '0', '0', '0', '0']",1.0,0,0,"['0', '0', '0', '0', '0']",1.0,0,0,"['0', '0', '0', '0', '0']",1.0,0,0,"['0', '0', '0', '0', '0']",1.0,0,0,"['0', '0', '0', '0', '0']",1.0
ACETAMINOPHEN,PO,0,0,0,"['0', '0', '0', '0', '0']",1.0,0,0,"['0', '0', '0', '0', '0']",1.0,0,0,"['0', '0', '0', '0', '0']",1.0,0,0,"['0', '0', '0', '0', '0']",1.0,0,0,"['0', '0', '0', '0', '0']",1.0
DILAUDID,IV,0,0,0,"['0', '0', '0', '0', '0']",1.0,0,0,"['0', '0', '0', '0', '0']",1.0,0,0,"['0', '0', '0', '0', '0']",1.0,0,0,"['0', '0', '0', '0', '0']",1.0,0,0,"['0', '0', '0', '0', '0']",1.0
NITROGLYCERIN 0.4 MG SL SUBL,SL,0,0,0,"['0', '0', '0', '0', '0']",1.0,0,0,"['0', '0', '0', '0', '0']",1.0,0,0,"['0', '0', '0', '0', '0']",1.0,0,0,"['0', '0', '0', '0', '0']",1.0,0,0,"['0', '0', '0', '0', '0']",1.0
4 ML - FUROSEMIDE 10 MG/ML IJ SOLN,IV,0,0,0,"['0', '0', '0', '0', '0']",1.0,0,0,"['0', '0', '0', '0', '0']",1.0,0,0,"['0', '0', '0', '0', '0']",1.0,0,0,"['0', '0', '0', '0', '0']",1.0,0,0,"['0', '0', '0', '0', '0']",1.0
37.5 G TUBE : GLUCOSE 40 % PO GEL,PO,0,0,0,"['0', '0', '0', '0', '0']",1.0,0,0,"['0', '0', '0', '0', '0']",1.0,0,0,"['0', '0', '0', '0', '0']",1.0,0,0,"['0', '0', '0', '0', '0']",1.0,0,0,"['0', '0', '0', '0', '0']",1.0
MAGNESIUM OXIDE 400 MG TAB,PO,0,0,0,"['0', '0', '0', '0', '0']",1.0,0,0,"['0', '0', '0', '0', '0']",1.0,0,0,"['0', '0', '0', '0', '0']",1.0,0,0,"['0', '0', '0', '0', '0']",1.0,0,0,"['0', '0', '0', '0', '0']",1.0
ATIVAN,IV,0,0,0,"['0', '0', '0', '0', '0']",1.0,0,0,"['0', '0', '0', '0', '0']",1.0,0,0,"['0', '0', '0', '0', '0']",1.0,0,0,"['0', '0', '0', '0', '0']",1.0,0,0,"['0', '0', '0', '0', '0']",1.0
DEXTROSE 50%,IV,0,0,0,"['0', '0', '0', '0', '0']",1.0,0,0,"['0', '0', '0', '0', '0']",1.0,0,0,"['0', '0', '0', '0', '0']",1.0,0,0,"['0', '0', '0', '0', '0']",1.0,0,0,"['0', '0', '0', '0', '0']",1.0
LOVENOX,subCUT,0,0,0,"['0', '0', '0', '0', '0']",1.0,0,0,"['0', '0', '0', '0', '0']",1.0,0,0,"['0', '0', '0', '0', '0']",1.0,0,0,"['0', '0', '0', '0', '0']",1.0,0,0,"['0', '0', '0', '0', '0']",1.0
DUONEB,Inhalation,0,1,1,"['1', '1', '1', '1', '1']",1.0,1,1,"['1', '1', '1', '1', '1']",1.0,1,1,"['1', '1', '1', '1', '1']",1.0,1,1,"['1', '1', '1', '1', '1']",1.0,1,1,"['1', '1', '1', '1', '1']",1.0
INSULIN-GLARGINE *UNIT* INJ,SubQ,0,0,0,"['0', '0', '0', '0', '0']",1.0,0,0,"['0', '0', '0', '0', '0']",1.0,0,0,"['0', '0', '0', '0', '0']",1.0,0,0,"['0', '0', '0', '0', '0']",1.0,0,0,"['0', '0', '0', '0', '0']",1.0
MAGNESIUM SULFATE 2 G IN NS PREMIX,IV,0,0,0,"['0', '0', '0', '0', '0']",1.0,0,0,"['0', '0', '0', '0', '0']",1.0,0,0,"['0', '0', '0', '0', '0']",1.0,0,0,"['0', '0', '0', '0', '0']",1.0,0,0,"['0', '0', '0', '0', '0']",1.0
GLUCAGEN,IM,0,0,0,"['0', '0', '0', '0', '0']",1.0,0,0,"['0', '0', '0', '0', '0']",1.0,0,0,"['0', '0', '0', '0', '0']",1.0,0,0,"['0', '0', '0', '0', '0']",1.0,0,0,"['0', '0', '0', '0', '0']",1.0
SODIUM CHLORIDE 0.9% 250 ML LVP,IV,0,0,0,"['0', '0', '0', '0', '0']",1.0,0,0,"['0', '0', '0', '0', '0']",1.0,0,0,"['0', '0', '0', '0', '0']",1.0,0,0,"['0', '0', '0', '0', '0']",1.0,0,0,"['0', '0', '0', '0', '0']",1.0
1000 ML - DEXTROSE 5 % IV SOLN,IV,0,0,0,"['0', '0', '0', '0', '0']",1.0,0,0,"['0', '0', '0', '0', '0']",1.0,0,0,"['0', '0', '0', '0', '0']",1.0,0,0,"['0', '0', '0', '0', '0']",1.0,0,0,"['0', '0', '0', '0', '0']",1.0
MORPHINE 4 MG/1 ML 1 ML SYR,IV Push,0,0,0,"['0', '0', '0', '0', '0']",1.0,0,0,"['0', '0', '0', '0', '0']",1.0,0,0,"['0', '0', '0', '0', '0']",1.0,0,0,"['0', '0', '0', '0', '0']",1.0,0,0,"['0', '0', '0', '0', '0']",1.0
NORCO,Oral,0,0,0,"['0', '0', '0', '0', '0']",1.0,0,0,"['0', '0', '0', '0', '0']",1.0,0,0,"['0', '0', '0', '0', '0']",1.0,0,0,"['0', '0', '0', '0', '0']",1.0,0,0,"['0', '0', '0', '0', '0']",1.0
NSS infusion,IV,0,0,0,"['0', '0', '0', '0', '0']",1.0,0,0,"['0', '0', '0', '0', '0']",1.0,0,0,"['0', '0', '0', '0', '0']",1.0,0,0,"['0', '0', '0', '0', '0']",1.0,0,0,"['0', '0', '0', '0', '0']",1.0
Lasix,IV,0,0,0,"['0', '0', '0', '0', '0']",1.0,0,0,"['0', '0', '0', '0', '0']",1.0,0,0,"['0', '0', '0', '0', '0']",1.0,0,0,"['0', '0', '0', '0', '0']",1.0,0,0,"['0', '0', '0', '0', '0']",1.0
ONDANSETRON HCL (PF) 4 MG/2 ML INJ SOLN,IV,0,0,0,"['0', '0', '0', '0', '0']",1.0,0,0,"['0', '0', '0', '0', '0']",1.0,0,0,"['0', '0', '0', '0', '0']",1.0,0,0,"['0', '0', '0', '0', '0']",1.0,0,0,"['0', '0', '0', '0', '0']",1.0
MORPHINE INJ,IV,0,0,0,"['0', '0', '0', '0', '0']",1.0,0,0,"['0', '0', '0', '0', '0']",1.0,0,0,"['0', '0', '0', '0', '0']",1.0,0,0,"['0', '0', '0', '0', '0']",1.0,0,0,"['0', '0', '0', '0', '0']",1.0
SODIUM CHLORIDE 0.9% 1000 ML PB,IV,0,0,0,"['0', '0', '0', '0', '0']",1.0,0,0,"['0', '0', '0', '0', '0']",1.0,0,0,"['0', '0', '0', '0', '0']",1.0,0,0,"['0', '0', '0', '0', '0']",1.0,0,0,"['0', '0', '0', '0', '0']",1.0
potassium CHLORIDE 20 MEQ UD LIQ,PO,0,0,0,"['0', '0', '0', '0', '0']",1.0,0,0,"['0', '0', '0', '0', '0']",1.0,0,0,"['0', '0', '0', '0', '0']",1.0,0,0,"['0', '0', '0', '0', '0']",1.0,0,0,"['0', '0', '0', '0', '0']",1.0
1 ML - HYDROMORPHONE HCL 1 MG/ML IJ SOLN,IV,0,0,0,"['0', '0', '0', '0', '0']",1.0,0,0,"['0', '0', '0', '0', '0']",1.0,0,0,"['0', '0', '0', '0', '0']",1.0,0,0,"['0', '0', '0', '0', '0']",1.0,0,0,"['0', '0', '0', '0', '0']",1.0
FUROSEMIDE,INTRAVENOU,0,0,0,"['0', '0', '0', '0', '0']",1.0,0,0,"['0', '0', '0', '0', '0']",1.0,0,0,"['0', '0', '0', '0', '0']",1.0,0,0,"['0', '0', '0', '0', '0']",1.0,0,0,"['0', '0', '0', '0', '0']",1.0
GLUCAGON HCL (RDNA) 1 MG IJ SOLR,IM,0,0,0,"['0', '0', '0', '0', '0']",1.0,0,0,"['0', '0', '0', '0', '0']",1.0,0,0,"['0', '0', '0', '0', '0']",1.0,0,0,"['0', '0', '0', '0', '0']",1.0,0,0,"['0', '0', '0', '0', '0']",1.0
2 ML - FENTANYL CITRATE 0.05 MG/ML IJ SOLN,IV,0,0,0,"['0', '0', '0', '0', '0']",1.0,0,0,"['0', '0', '0', '0', '0']",1.0,0,0,"['0', '0', '0', '0', '0']",1.0,0,0,"['0', '0', '0', '0', '0']",1.0,0,0,"['0', '0', '0', '0', '0']",1.0
3 ML - IPRATROPIUM-ALBUTEROL 0.5-2.5 (3) MG/3ML IN SOLN,NEBULIZATION,0,0,0,"['0', '0', '0', '0', '0']",1.0,0,0,"['0', '0', '0', '0', '0']",1.0,0,0,"['0', '0', '0', '0', '0']",1.0,0,0,"['0', '0', '0', '0', '0']",1.0,0,0,"['0', '0', '0', '0', '0']",1.0
SODIUM CHLORIDE 0.9%,INTRAVENOU,0,0,0,"['0', '0', '0', '0', '0']",1.0,0,0,"['0', '0', '0', '0', '0']",1.0,0,0,"['0', '0', '0', '0', '0']",1.0,0,0,"['0', '0', '0', '0', '0']",1.0,0,0,"['0', '0', '0', '0', '0']",1.0
SENOKOT-S TAB,PO,0,0,0,"['0', '0', '0', '0', '0']",1.0,0,0,"['0', '0', '0', '0', '0']",1.0,0,0,"['0', '0', '0', '0', '0']",1.0,0,0,"['0', '0', '0', '0', '0']",1.0,0,0,"['0', '0', '0', '0', '0']",1.0
Zofran,IV,0,0,0,"['0', '0', '0', '0', '0']",1.0,0,0,"['0', '0', '0', '0', '0']",1.0,0,0,"['0', '0', '0', '0', '0']",1.0,0,0,"['0', '0', '0', '0', '0']",1.0,0,0,"['0', '0', '0', '0', '0']",1.0
METOPROLOL TARTRATE 25 MG TAB,PO,0,0,0,"['0', '0', '0', '0', '0']",1.0,0,0,"['0', '0', '0', '0', '0']",1.0,0,0,"['0', '0', '0', '0', '0']",1.0,0,0,"['0', '0', '0', '0', '0']",1.0,0,0,"['0', '0', '0', '0', '0']",1.0
2 ML : ONDANSETRON HCL 4 MG/2ML IV SOLN,Intravenous,0,0,0,"['0', '0', '0', '0', '0']",1.0,0,0,"['0', '0', '0', '0', '0']",1.0,0,0,"['0', '0', '0', '0', '0']",1.0,0,0,"['0', '0', '0', '0', '0']",1.0,0,0,"['0', '0', '0', '0', '0']",1.0
HYDROCODONE-ACETAMINOPHEN 5-325 MG PO TABS,PO,0,0,0,"['0', '0', '0', '0', '0']",1.0,0,0,"['0', '0', '0', '0', '0']",1.0,0,0,"['0', '0', '0', '0', '0']",1.0,0,0,"['0', '0', '0', '0', '0']",1.0,0,0,"['0', '0', '0', '0', '0']",1.0
100 ML - MAGNESIUM SULFATE IN D5W 10-5 MG/ML-% IV SOLN,IV,0,0,0,"['0', '0', '0', '0', '0']",1.0,0,0,"['0', '0', '0', '0', '0']",1.0,0,0,"['0', '0', '0', '0', '0']",1.0,0,0,"['0', '0', '0', '0', '0']",1.0,0,0,"['0', '0', '0', '0', '0']",1.0
SENNOSIDES-DOCUSATE SODIUM 8.6-50 MG PO TABS,PO,0,0,0,"['0', '0', '0', '0', '0']",1.0,0,0,"['0', '0', '0', '0', '0']",1.0,0,0,"['0', '0', '0', '0', '0']",1.0,0,0,"['0', '0', '0', '0', '0']",1.0,0,0,"['0', '0', '0', '0', '0']",1.0
ASPIRIN 81 MG PO CHEW,PO,0,0,0,"['0', '0', '0', '0', '0']",1.0,0,0,"['0', '0', '0', '0', '0']",1.0,0,0,"['0', '0', '0', '0', '0']",1.0,0,0,"['0', '0', '0', '0', '0']",1.0,0,0,"['0', '0', '0', '0', '0']",1.0
1 ML - HYDRALAZINE HCL 20 MG/ML IJ SOLN,IV,0,0,0,"['0', '0', '0', '0', '0']",1.0,0,0,"['0', '0', '0', '0', '0']",1.0,0,0,"['0', '0', '0', '0', '0']",1.0,0,0,"['0', '0', '0', '0', '0']",1.0,0,0,"['0', '0', '0', '0', '0']",1.0
MIDAZOLAM,INTRAVENOU,0,0,0,"['0', '0', '0', '0', '0']",1.0,0,0,"['0', '0', '0', '0', '0']",1.0,0,0,"['0', '0', '0', '0', '0']",1.0,0,0,"['0', '0', '0', '0', '0']",1.0,0,0,"['0', '0', '0', '0', '0']",1.0
acetaMINOPHEN 650MG RECT SUPP,PR,0,0,0,"['0', '0', '0', '0', '0']",1.0,0,0,"['0', '0', '0', '0', '0']",1.0,0,0,"['0', '0', '0', '0', '0']",1.0,0,0,"['0', '0', '0', '0', '0']",1.0,0,0,"['0', '0', '0', '0', '0']",1.0
3 ML PLAS CONT: IPRATROPIUM-ALBUTEROL 0.5-2.5 (3) MG/3ML IN SOLN,NEBULIZATION,0,0,0,"['0', '0', '0', '0', '0']",1.0,0,0,"['0', '0', '0', '0', '0']",1.0,0,0,"['0', '0', '0', '0', '0']",1.0,0,0,"['0', '0', '0', '0', '0']",1.0,0,0,"['0', '0', '0', '0', '0']",1.0
PEPCID,IV,0,0,0,"['0', '0', '0', '0', '0']",1.0,0,0,"['0', '0', '0', '0', '0']",1.0,0,0,"['0', '0', '0', '0', '0']",1.0,0,0,"['0', '0', '0', '0', '0']",1.0,0,0,"['0', '0', '0', '0', '0']",1.0
FENTANYL CITRATE (PF) 50 MCG/ML INJ SOLN,IV,0,0,0,"['0', '0', '0', '0', '0']",1.0,0,0,"['0', '0', '0', '0', '0']",1.0,0,0,"['0', '0', '0', '0', '0']",1.0,0,0,"['0', '0', '0', '0', '0']",1.0,0,0,"['0', '0', '0', '0', '0']",1.0
VANCOMYCIN HCL 1000 MG IV SOLR,IV,1,1,1,"['1', '1', '1', '1', '1']",1.0,1,1,"['1', '1', '1', '1', '1']",1.0,1,1,"['1', '1', '1', '1', '1']",1.0,1,1,"['1', '1', '1', '1', '1']",1.0,1,1,"['1', '1', '1', '1', '1']",1.0
MORPHINE SULFATE,IV,0,0,0,"['0', '0', '0', '0', '0']",1.0,0,0,"['0', '0', '0', '0', '0']",1.0,0,0,"['0', '0', '0', '0', '0']",1.0,0,0,"['0', '0', '0', '0', '0']",1.0,0,0,"['0', '0', '0', '0', '0']",1.0
LORAZEPAM,IV,0,0,0,"['0', '0', '0', '0', '0']",1.0,0,0,"['0', '0', '0', '0', '0']",1.0,0,0,"['0', '0', '0', '0', '0']",1.0,0,0,"['0', '0', '0', '0', '0']",1.0,0,0,"['0', '0', '0', '0', '0']",1.0
1000 ml flex cont : sodium chloride 0.9 % iv soln,IV,0,0,0,"['0', '0', '0', '0', '0']",1.0,0,0,"['0', '0', '0', '0', '0']",1.0,0,0,"['0', '0', '0', '0', '0']",1.0,0,0,"['0', '0', '0', '0', '0']",1.0,0,0,"['0', '0', '0', '0', '0']",1.0
SODIUM CHLORIDE 0.9 % IJ SOLN,IV,0,0,0,"['0', '0', '0', '0', '0']",1.0,0,0,"['0', '0', '0', '0', '0']",1.0,0,0,"['0', '0', '0', '0', '0']",1.0,0,0,"['0', '0', '0', '0', '0']",1.0,0,0,"['0', '0', '0', '0', '0']",1.0
FAMOTIDINE 20 MG/2 ML SDV INJ,IV Push,0,0,0,"['0', '0', '0', '0', '0']",1.0,0,0,"['0', '0', '0', '0', '0']",1.0,0,0,"['0', '0', '0', '0', '0']",1.0,0,0,"['0', '0', '0', '0', '0']",1.0,0,0,"['0', '0', '0', '0', '0']",1.0
POTASSIUM CHLORIDE,PO,0,0,0,"['0', '0', '0', '0', '0']",1.0,0,0,"['0', '0', '0', '0', '0']",1.0,0,0,"['0', '0', '0', '0', '0']",1.0,0,0,"['0', '0', '0', '0', '0']",1.0,0,0,"['0', '0', '0', '0', '0']",1.0
INSULIN (REGULAR) 100 UNITS in 1,IVPB,0,0,0,"['0', '0', '0', '0', '0']",1.0,0,0,"['0', '0', '0', '0', '0']",1.0,0,0,"['0', '0', '0', '0', '0']",1.0,0,0,"['0', '0', '0', '0', '0']",1.0,0,0,"['0', '0', '0', '0', '0']",1.0
ENOXAPARIN 40 MG/0.4 ML SYR,SubQ,0,0,0,"['0', '0', '0', '0', '0']",1.0,0,0,"['0', '0', '0', '0', '0']",1.0,0,0,"['0', '0', '0', '0', '0']",1.0,0,0,"['0', '0', '0', '0', '0']",1.0,0,0,"['0', '0', '0', '0', '0']",1.0
cefepime,MISC,1,1,1,"['1', '1', '1', '1', '1']",1.0,1,1,"['1', '1', '1', '1', '1']",1.0,1,1,"['1', '1', '1', '1', '1']",1.0,1,1,"['1', '1', '1', '1', '1']",1.0,1,1,"['1', '1', '1', '1', '1']",1.0
INSULIN ASPART 100 UNIT/ML SC SOLN,SC,0,0,0,"['0', '0', '0', '0', '0']",1.0,0,0,"['0', '0', '0', '0', '0']",1.0,0,0,"['0', '0', '0', '0', '0']",1.0,0,0,"['0', '0', '0', '0', '0']",1.0,0,0,"['0', '0', '0', '0', '0']",1.0
ACETAMINOPHEN 325 MG PO TABS,Oral,0,0,0,"['0', '0', '0', '0', '0']",1.0,0,0,"['0', '0', '0', '0', '0']",1.0,0,0,"['0', '0', '0', '0', '0']",1.0,0,0,"['0', '0', '0', '0', '0']",1.0,0,0,"['0', '0', '0', '0', '0']",1.0
morPHINe,IV,0,0,0,"['0', '0', '0', '0', '0']",1.0,0,0,"['0', '0', '0', '0', '0']",1.0,0,0,"['0', '0', '0', '0', '0']",1.0,0,0,"['0', '0', '0', '0', '0']",1.0,0,0,"['0', '0', '0', '0', '0']",1.0
"SODIUM CHLORIDE 0.9% 1,000 ML BAG",IV,0,0,0,"['0', '0', '0', '0', '0']",1.0,0,0,"['0', '0', '0', '0', '0']",1.0,0,0,"['0', '0', '0', '0', '0']",1.0,0,0,"['0', '0', '0', '0', '0']",1.0,0,0,"['0', '0', '0', '0', '0']",1.0
NovoLOG,Subcut,0,0,0,"['0', '0', '0', '0', '0']",1.0,0,0,"['0', '0', '0', '0', '0']",1.0,0,0,"['0', '0', '0', '0', '0']",1.0,0,0,"['0', '0', '0', '0', '0']",1.0,0,0,"['0', '0', '0', '0', '0']",1.0
albuterol-ipratropium 3-0.5mg,MISC,0,0,0,"['0', '0', '0', '0', '0']",1.0,0,0,"['0', '0', '0', '0', '0']",1.0,0,0,"['0', '0', '0', '0', '0']",1.0,0,0,"['0', '0', '0', '0', '0']",1.0,0,0,"['0', '0', '0', '0', '0']",1.0
LACTATED RINGERS IV SOLP,IV,0,0,0,"['0', '0', '0', '0', '0']",1.0,0,0,"['0', '0', '0', '0', '0']",1.0,0,0,"['0', '0', '0', '0', '0']",1.0,0,0,"['0', '0', '0', '0', '0']",1.0,0,0,"['0', '0', '0', '0', '0']",1.0
POLYETHYLENE GLYCOL 3350 UDPWD,PO,0,0,0,"['0', '0', '0', '0', '0']",1.0,0,0,"['0', '0', '0', '0', '0']",1.0,0,0,"['0', '0', '0', '0', '0']",1.0,0,0,"['0', '0', '0', '0', '0']",1.0,0,0,"['0', '0', '0', '0', '0']",1.0
VERSED,IV,0,1,1,"['1', '1', '1', '1', '1']",1.0,1,1,"['1', '1', '1', '1', '1']",1.0,0,0,"['1', '0', '0', '0', '0']",0.8,0,0,"['0', '0', '0', '0', '0']",1.0,0,0,"['0', '0', '0', '0', '0']",1.0
500 ML FLEX CONT EXCEL : SODIUM CHLORIDE 0.9 % IV SOLN,IV,0,0,0,"['0', '0', '0', '0', '0']",1.0,0,0,"['0', '0', '0', '0', '0']",1.0,0,0,"['0', '0', '0', '0', '0']",1.0,0,0,"['0', '0', '0', '0', '0']",1.0,0,0,"['0', '0', '0', '0', '0']",1.0
ACETAMINOPHEN 650 MG RE SUPP,RE,0,0,0,"['0', '0', '0', '0', '0']",1.0,0,0,"['0', '0', '0', '0', '0']",1.0,0,0,"['0', '0', '0', '0', '0']",1.0,0,0,"['0', '0', '0', '0', '0']",1.0,0,0,"['0', '0', '0', '0', '0']",1.0
DOCUSATE SODIUM,ORAL,0,0,0,"['0', '0', '0', '0', '0']",1.0,0,0,"['0', '0', '0', '0', '0']",1.0,0,0,"['0', '0', '0', '0', '0']",1.0,0,0,"['0', '0', '0', '0', '0']",1.0,0,0,"['0', '0', '0', '0', '0']",1.0
potassium CHLORIDE 10 mEq i,IVPB,0,0,0,"['0', '0', '0', '0', '0']",1.0,0,0,"['0', '0', '0', '0', '0']",1.0,0,0,"['0', '0', '0', '0', '0']",1.0,0,0,"['0', '0', '0', '0', '0']",1.0,0,0,"['0', '0', '0', '0', '0']",1.0
OXYCODONE IR,ORAL,0,0,0,"['0', '0', '0', '0', '0']",1.0,0,0,"['0', '0', '0', '0', '0']",1.0,0,0,"['0', '0', '0', '0', '0']",1.0,0,0,"['0', '0', '0', '0', '0']",1.0,0,0,"['0', '0', '0', '0', '0']",1.0
magnesium sulfate,IVPB,0,0,0,"['0', '0', '0', '0', '0']",1.0,0,0,"['0', '0', '0', '0', '0']",1.0,0,0,"['0', '0', '0', '0', '0']",1.0,0,0,"['0', '0', '0', '0', '0']",1.0,0,0,"['0', '0', '0', '0', '0']",1.0
FUROSEMIDE 10 MG/1 ML 2ML SDV INJ,IV Push,0,0,0,"['0', '0', '0', '0', '0']",1.0,0,0,"['0', '0', '0', '0', '0']",1.0,0,0,"['0', '0', '0', '0', '0']",1.0,0,0,"['0', '0', '0', '0', '0']",1.0,0,0,"['0', '0', '0', '0', '0']",1.0
ZOSYN,IV,1,1,1,"['1', '1', '1', '1', '1']",1.0,1,1,"['1', '1', '1', '1', '1']",1.0,1,1,"['1', '1', '1', '1', '1']",1.0,1,1,"['1', '1', '1', '1', '1']",1.0,1,1,"['1', '1', '1', '1', '1']",1.0
Protonix,IV,0,0,0,"['0', '0', '0', '0', '0']",1.0,0,0,"['0', '0', '0', '0', '0']",1.0,0,0,"['0', '0', '0', '0', '0']",1.0,0,0,"['0', '0', '0', '0', '0']",1.0,0,0,"['0', '0', '0', '0', '0']",1.0
2 ML VIAL : FENTANYL CITRATE 0.05 MG/ML IJ SOLN,Intravenous,0,0,0,"['0', '0', '0', '0', '0']",1.0,0,0,"['0', '0', '0', '0', '0']",1.0,0,0,"['0', '0', '0', '0', '0']",1.0,0,0,"['0', '0', '0', '0', '0']",1.0,0,0,"['0', '0', '0', '0', '0']",1.0
LORazepam 2 MG/1 ML 1 ML INJ,IV Push,0,0,0,"['0', '0', '0', '0', '0']",1.0,0,0,"['0', '0', '0', '0', '0']",1.0,0,0,"['0', '0', '0', '0', '0']",1.0,0,0,"['0', '0', '0', '0', '0']",1.0,0,0,"['0', '0', '0', '0', '0']",1.0
INSULIN LISPRO,SUBCUTAN,0,0,0,"['0', '0', '0', '0', '0']",1.0,0,0,"['0', '0', '0', '0', '0']",1.0,0,0,"['0', '0', '0', '0', '0']",1.0,0,0,"['0', '0', '0', '0', '0']",1.0,0,0,"['0', '0', '0', '0', '0']",1.0
ENOXAPARIN SODIUM 40 MG/0.4ML SC SOLN,SC,0,0,0,"['0', '0', '0', '0', '0']",1.0,0,0,"['0', '0', '0', '0', '0']",1.0,0,0,"['0', '0', '0', '0', '0']",1.0,0,0,"['0', '0', '0', '0', '0']",1.0,0,0,"['0', '0', '0', '0', '0']",1.0
POTASSIUM CHLORIDE ER,ORAL,0,0,0,"['0', '0', '0', '0', '0']",1.0,0,0,"['0', '0', '0', '0', '0']",1.0,0,0,"['0', '0', '0', '0', '0']",1.0,0,0,"['0', '0', '0', '0', '0']",1.0,0,0,"['0', '0', '0', '0', '0']",1.0
OXYCODONE-ACETAMINOPHEN 5-325 MG PO TABS,PO,0,0,0,"['0', '0', '0', '0', '0']",1.0,0,0,"['0', '0', '0', '0', '0']",1.0,0,0,"['0', '0', '0', '0', '0']",1.0,0,0,"['0', '0', '0', '0', '0']",1.0,0,0,"['0', '0', '0', '0', '0']",1.0
ASPIRIN,PO,0,0,0,"['0', '0', '0', '0', '0']",1.0,0,0,"['0', '0', '0', '0', '0']",1.0,0,0,"['0', '0', '0', '0', '0']",1.0,0,0,"['0', '0', '0', '0', '0']",1.0,0,0,"['0', '0', '0', '0', '0']",1.0
ONDANSETRON HCL (PF) 4 MG/2 ML INJECTION 2 ML VIAL,IV,0,0,0,"['0', '0', '0', '0', '0']",1.0,0,0,"['0', '0', '0', '0', '0']",1.0,0,0,"['0', '0', '0', '0', '0']",1.0,0,0,"['0', '0', '0', '0', '0']",1.0,0,0,"['0', '0', '0', '0', '0']",1.0
BISACODYL 10 MG RECT SUPP,PR,0,0,0,"['0', '0', '0', '0', '0']",1.0,0,0,"['0', '0', '0', '0', '0']",1.0,0,0,"['0', '0', '0', '0', '0']",1.0,0,0,"['0', '0', '0', '0', '0']",1.0,0,0,"['0', '0', '0', '0', '0']",1.0
FAMOTIDINE 20 MG TAB,PO,0,0,0,"['0', '0', '0', '0', '0']",1.0,0,0,"['0', '0', '0', '0', '0']",1.0,0,0,"['0', '0', '0', '0', '0']",1.0,0,0,"['0', '0', '0', '0', '0']",1.0,0,0,"['0', '0', '0', '0', '0']",1.0
WARFARIN,ORAL,0,0,0,"['0', '0', '0', '0', '0']",1.0,0,0,"['0', '0', '0', '0', '0']",1.0,0,0,"['0', '0', '0', '0', '0']",1.0,0,0,"['0', '0', '0', '0', '0']",1.0,0,0,"['0', '0', '0', '0', '0']",1.0
DUONEB 3 MG-0.5 MG/3 ML UD INH SOLN,SVN,0,1,1,"['1', '1', '1', '1', '1']",1.0,1,1,"['1', '1', '1', '1', '1']",1.0,1,1,"['1', '1', '1', '1', '1']",1.0,1,1,"['1', '1', '1', '1', '1']",1.0,1,1,"['1', '1', '1', '1', '1']",1.0
10 ML - INSULIN GLARGINE 100 UNIT/ML SC SOLN,SC,0,0,0,"['0', '0', '0', '0', '0']",1.0,0,0,"['0', '0', '0', '0', '0']",1.0,0,0,"['0', '0', '0', '0', '0']",1.0,0,0,"['0', '0', '0', '0', '0']",1.0,0,0,"['0', '0', '0', '0', '0']",1.0
50 ML - ALBUMIN HUMAN 25 % IV SOLN,IV,0,0,0,"['0', '0', '0', '0', '0']",1.0,0,0,"['0', '0', '0', '0', '0']",1.0,0,0,"['0', '0', '0', '0', '0']",1.0,0,0,"['0', '0', '0', '0', '0']",1.0,0,0,"['0', '0', '0', '0', '0']",1.0
KLOR-CON,Oral,0,0,0,"['0', '0', '0', '0', '0']",1.0,0,0,"['0', '0', '0', '0', '0']",1.0,0,0,"['0', '0', '0', '0', '0']",1.0,0,0,"['0', '0', '0', '0', '0']",1.0,0,0,"['0', '0', '0', '0', '0']",1.0
Tylenol,PO,0,0,0,"['0', '0', '0', '0', '0']",1.0,0,0,"['0', '0', '0', '0', '0']",1.0,0,0,"['0', '0', '0', '0', '0']",1.0,0,0,"['0', '0', '0', '0', '0']",1.0,0,0,"['0', '0', '0', '0', '0']",1.0
LANTUS,subCUT,0,0,0,"['0', '0', '0', '0', '0']",1.0,0,0,"['0', '0', '0', '0', '0']",1.0,0,0,"['0', '0', '0', '0', '0']",1.0,0,0,"['0', '0', '0', '0', '0']",1.0,0,0,"['0', '0', '0', '0', '0']",1.0
potassium chloride,IVPB,0,0,0,"['0', '0', '0', '0', '0']",1.0,0,0,"['0', '0', '0', '0', '0']",1.0,0,0,"['0', '0', '0', '0', '0']",1.0,0,0,"['0', '0', '0', '0', '0']",1.0,0,0,"['0', '0', '0', '0', '0']",1.0
TYLENOL,PO,0,0,0,"['0', '0', '0', '0', '0']",1.0,0,0,"['0', '0', '0', '0', '0']",1.0,0,0,"['0', '0', '0', '0', '0']",1.0,0,0,"['0', '0', '0', '0', '0']",1.0,0,0,"['0', '0', '0', '0', '0']",1.0
chlorHEXIDINE (PERIOGARD) 0.12 % oral rinse 15 mL,ORAL MUCOSA,0,0,0,"['0', '0', '0', '0', '0']",1.0,0,0,"['0', '0', '0', '0', '0']",1.0,0,0,"['0', '0', '0', '0', '0']",1.0,0,0,"['0', '0', '0', '0', '0']",1.0,0,0,"['0', '0', '0', '0', '0']",1.0
SODIUM CHLORIDE,IV,0,0,0,"['0', '0', '0', '0', '0']",1.0,0,0,"['0', '0', '0', '0', '0']",1.0,0,0,"['0', '0', '0', '0', '0']",1.0,0,0,"['0', '0', '0', '0', '0']",1.0,0,0,"['0', '0', '0', '0', '0']",1.0
VANCOCIN,IV,1,1,1,"['1', '1', '1', '1', '1']",1.0,1,1,"['1', '1', '1', '1', '1']",1.0,1,1,"['1', '1', '1', '1', '1']",1.0,1,1,"['1', '1', '1', '1', '1']",1.0,1,1,"['1', '1', '1', '1', '1']",1.0
50 ML FLEX CONT : MAGNESIUM SULFATE 4% IJ SOLN,IV,0,0,0,"['0', '0', '0', '0', '0']",1.0,0,0,"['0', '0', '0', '0', '0']",1.0,0,0,"['0', '0', '0', '0', '0']",1.0,0,0,"['0', '0', '0', '0', '0']",1.0,0,0,"['0', '0', '0', '0', '0']",1.0
1000 ML : SODIUM CHLORIDE 0.9 % 0.9 % IV SOLP,IV,0,0,0,"['0', '0', '0', '0', '0']",1.0,0,0,"['0', '0', '0', '0', '0']",1.0,0,0,"['0', '0', '0', '0', '0']",1.0,0,0,"['0', '0', '0', '0', '0']",1.0,0,0,"['0', '0', '0', '0', '0']",1.0
4 ML VIAL : FUROSEMIDE 10 MG/ML IJ SOLN,Intravenous,0,0,0,"['0', '0', '0', '0', '0']",1.0,0,0,"['0', '0', '0', '0', '0']",1.0,0,0,"['0', '0', '0', '0', '0']",1.0,0,0,"['0', '0', '0', '0', '0']",1.0,0,0,"['0', '0', '0', '0', '0']",1.0
3 ML VIAL : INSULIN REGULAR HUMAN 100 UNIT/ML IJ SOLN,SC,0,0,0,"['0', '0', '0', '0', '0']",1.0,0,0,"['0', '0', '0', '0', '0']",1.0,0,0,"['0', '0', '0', '0', '0']",1.0,0,0,"['0', '0', '0', '0', '0']",1.0,0,0,"['0', '0', '0', '0', '0']",1.0
LOPRESSOR,Oral,0,0,0,"['0', '0', '0', '0', '0']",1.0,0,0,"['0', '0', '0', '0', '0']",1.0,0,0,"['0', '0', '0', '0', '0']",1.0,0,0,"['0', '0', '0', '0', '0']",1.0,0,0,"['0', '0', '0', '0', '0']",1.0
DEXTROSE 50% ABBOJECT,IV,0,0,0,"['0', '0', '0', '0', '0']",1.0,0,0,"['0', '0', '0', '0', '0']",1.0,0,0,"['0', '0', '0', '0', '0']",1.0,0,0,"['0', '0', '0', '0', '0']",1.0,0,0,"['0', '0', '0', '0', '0']",1.0
MIDAZOLAM HCL,.ROUTE,0,0,0,"['0', '0', '0', '0', '0']",1.0,0,0,"['0', '0', '0', '0', '0']",1.0,0,0,"['0', '0', '0', '0', '0']",1.0,0,0,"['0', '0', '0', '0', '0']",1.0,0,0,"['0', '0', '0', '0', '0']",1.0
hydrALAZINE 20 MG/1 ML 1 ML INJ,IV Push,0,0,0,"['0', '0', '0', '0', '0']",1.0,0,0,"['0', '0', '0', '0', '0']",1.0,0,0,"['0', '0', '0', '0', '0']",1.0,0,0,"['0', '0', '0', '0', '0']",1.0,0,0,"['0', '0', '0', '0', '0']",1.0
SODIUM CHLORIDE 0.9 % SYRINGE 10 ML SYRINGE,IV,0,0,0,"['0', '0', '0', '0', '0']",1.0,0,0,"['0', '0', '0', '0', '0']",1.0,0,0,"['0', '0', '0', '0', '0']",1.0,0,0,"['0', '0', '0', '0', '0']",1.0,0,0,"['0', '0', '0', '0', '0']",1.0
FUROSEMIDE 40 MG PO TABS,PO,0,0,0,"['0', '0', '0', '0', '0']",1.0,0,0,"['0', '0', '0', '0', '0']",1.0,0,0,"['0', '0', '0', '0', '0']",1.0,0,0,"['0', '0', '0', '0', '0']",1.0,0,0,"['0', '0', '0', '0', '0']",1.0
fentaNYL,DEVICE,0,0,0,"['0', '0', '0', '0', '0']",1.0,0,0,"['0', '0', '0', '0', '0']",1.0,0,0,"['0', '0', '0', '0', '0']",1.0,0,0,"['0', '0', '0', '0', '0']",1.0,0,0,"['0', '0', '0', '0', '0']",1.0
CHLORHEXIDINE GLUCONATE UD LIQ 15ML,Oral swab,0,0,0,"['0', '0', '0', '0', '0']",1.0,0,0,"['0', '0', '0', '0', '0']",1.0,0,0,"['0', '0', '0', '0', '0']",1.0,0,0,"['0', '0', '0', '0', '0']",1.0,0,0,"['0', '0', '0', '0', '0']",1.0
"HEPARIN 5,000 UNIT/ML",SUBCUTAN,0,0,0,"['0', '0', '0', '0', '0']",1.0,0,0,"['0', '0', '0', '0', '0']",1.0,0,0,"['0', '0', '0', '0', '0']",1.0,0,0,"['0', '0', '0', '0', '0']",1.0,0,0,"['0', '0', '0', '0', '0']",1.0
POTASSIUM CHLORIDE 40 MEQ/100 ML IV PIGGY BACK : 100 ML BAG,IV,0,0,0,"['0', '0', '0', '0', '0']",1.0,0,0,"['0', '0', '0', '0', '0']",1.0,0,0,"['0', '0', '0', '0', '0']",1.0,0,0,"['0', '0', '0', '0', '0']",1.0,0,0,"['0', '0', '0', '0', '0']",1.0
PEPCID,Oral,0,0,0,"['0', '0', '0', '0', '0']",1.0,0,0,"['0', '0', '0', '0', '0']",1.0,0,0,"['0', '0', '0', '0', '0']",1.0,0,0,"['0', '0', '0', '0', '0']",1.0,0,0,"['0', '0', '0', '0', '0']",1.0
INSULIN LISPRO 100 UNITS/ML SUBQ SOLN,SubQ,0,0,0,"['0', '0', '0', '0', '0']",1.0,0,0,"['0', '0', '0', '0', '0']",1.0,0,0,"['0', '0', '0', '0', '0']",1.0,0,0,"['0', '0', '0', '0', '0']",1.0,0,0,"['0', '0', '0', '0', '0']",1.0
PANTOPRAZOLE 40 MG EC TAB,PO,0,0,0,"['0', '0', '0', '0', '0']",1.0,0,0,"['0', '0', '0', '0', '0']",1.0,0,0,"['0', '0', '0', '0', '0']",1.0,0,0,"['0', '0', '0', '0', '0']",1.0,0,0,"['0', '0', '0', '0', '0']",1.0
ASPIRIN EC 81 MG PO TBEC,PO,0,0,0,"['0', '0', '0', '0', '0']",1.0,0,0,"['0', '0', '0', '0', '0']",1.0,0,0,"['0', '0', '0', '0', '0']",1.0,0,0,"['0', '0', '0', '0', '0']",1.0,0,0,"['0', '0', '0', '0', '0']",1.0
SODIUM CHLORIDE 0.9 % IV BOLUS,IV,0,0,0,"['0', '0', '0', '0', '0']",1.0,0,0,"['0', '0', '0', '0', '0']",1.0,0,0,"['0', '0', '0', '0', '0']",1.0,0,0,"['0', '0', '0', '0', '0']",1.0,0,0,"['0', '0', '0', '0', '0']",1.0
CALCIUM GLUCONATE 100 MG/ML IV SOLN,IV,0,0,0,"['0', '0', '0', '0', '0']",1.0,0,0,"['0', '0', '0', '0', '0']",1.0,0,0,"['0', '0', '0', '0', '0']",1.0,0,0,"['0', '0', '0', '0', '0']",1.0,0,0,"['0', '0', '0', '0', '0']",1.0
POTASSIUM CHLORIDE,ORAL,0,0,0,"['0', '0', '0', '0', '0']",1.0,0,0,"['0', '0', '0', '0', '0']",1.0,0,0,"['0', '0', '0', '0', '0']",1.0,0,0,"['0', '0', '0', '0', '0']",1.0,0,0,"['0', '0', '0', '0', '0']",1.0
Sodium Chloride 0.9% SSO,IV,0,0,0,"['0', '0', '0', '0', '0']",1.0,0,0,"['0', '0', '0', '0', '0']",1.0,0,0,"['0', '0', '0', '0', '0']",1.0,0,0,"['0', '0', '0', '0', '0']",1.0,0,0,"['0', '0', '0', '0', '0']",1.0
50 ML SYRINGE : DEXTROSE 50 % IV SOLN,Intravenous,0,0,0,"['0', '0', '0', '0', '0']",1.0,0,0,"['0', '0', '0', '0', '0']",1.0,0,0,"['0', '0', '0', '0', '0']",1.0,0,0,"['0', '0', '0', '0', '0']",1.0,0,0,"['0', '0', '0', '0', '0']",1.0
POLYETHYLENE GLYCOL 3350 PO PACK,PO,0,0,0,"['0', '0', '0', '0', '0']",1.0,0,0,"['0', '0', '0', '0', '0']",1.0,0,0,"['0', '0', '0', '0', '0']",1.0,0,0,"['0', '0', '0', '0', '0']",1.0,0,0,"['0', '0', '0', '0', '0']",1.0
BUMINATE,IV,0,0,0,"['0', '0', '0', '0', '0']",1.0,0,0,"['0', '0', '0', '0', '0']",1.0,0,0,"['0', '0', '0', '0', '0']",1.0,0,0,"['0', '0', '0', '0', '0']",1.0,0,0,"['0', '0', '0', '0', '0']",1.0
ACETAMINOPHEN 325 MG ORAL TAB,Oral,0,0,0,"['0', '0', '0', '0', '0']",1.0,0,0,"['0', '0', '0', '0', '0']",1.0,0,0,"['0', '0', '0', '0', '0']",1.0,0,0,"['0', '0', '0', '0', '0']",1.0,0,0,"['0', '0', '0', '0', '0']",1.0
FUROSEMIDE 10 MG/1 ML 4ML SDV INJ,IV Push,0,0,0,"['0', '0', '0', '0', '0']",1.0,0,0,"['0', '0', '0', '0', '0']",1.0,0,0,"['0', '0', '0', '0', '0']",1.0,0,0,"['0', '0', '0', '0', '0']",1.0,0,0,"['0', '0', '0', '0', '0']",1.0
magnesium sulfate 1 g in d5w 100mL **LOCKED DOSE,IVPB,0,0,0,"['0', '0', '0', '0', '0']",1.0,0,0,"['0', '0', '0', '0', '0']",1.0,0,0,"['0', '0', '0', '0', '0']",1.0,0,0,"['0', '0', '0', '0', '0']",1.0,0,0,"['0', '0', '0', '0', '0']",1.0
MORPHINE 5 MG/ML INJECTION : 1 ML VIAL,IV,0,0,0,"['0', '0', '0', '0', '0']",1.0,0,0,"['0', '0', '0', '0', '0']",1.0,0,0,"['0', '0', '0', '0', '0']",1.0,0,0,"['0', '0', '0', '0', '0']",1.0,0,0,"['0', '0', '0', '0', '0']",1.0
Dilaudid,IV,0,0,0,"['0', '0', '0', '0', '0']",1.0,0,0,"['0', '0', '0', '0', '0']",1.0,0,0,"['0', '0', '0', '0', '0']",1.0,0,0,"['0', '0', '0', '0', '0']",1.0,0,0,"['0', '0', '0', '0', '0']",1.0
LEVAQUIN,IV,1,1,1,"['1', '1', '1', '1', '1']",1.0,1,1,"['1', '1', '1', '1', '1']",1.0,1,1,"['1', '1', '1', '1', '1']",1.0,1,1,"['1', '1', '1', '1', '1']",1.0,1,1,"['1', '1', '1', '1', '1']",1.0
2 ML: ONDANSETRON HCL 4 MG/2ML IJ SOLN,IV,0,0,0,"['0', '0', '0', '0', '0']",1.0,0,0,"['0', '0', '0', '0', '0']",1.0,0,0,"['0', '0', '0', '0', '0']",1.0,0,0,"['0', '0', '0', '0', '0']",1.0,0,0,"['0', '0', '0', '0', '0']",1.0
COLACE,Oral,0,0,0,"['0', '0', '0', '0', '0']",1.0,0,0,"['0', '0', '0', '0', '0']",1.0,0,0,"['0', '0', '0', '0', '0']",1.0,0,0,"['0', '0', '0', '0', '0']",1.0,0,0,"['0', '0', '0', '0', '0']",1.0
morphine,IV,0,0,0,"['0', '0', '0', '0', '0']",1.0,0,0,"['0', '0', '0', '0', '0']",1.0,0,0,"['0', '0', '0', '0', '0']",1.0,0,0,"['0', '0', '0', '0', '0']",1.0,0,0,"['0', '0', '0', '0', '0']",1.0
CLOPIDOGREL BISULFATE 75 MG PO TABS,PO,0,0,0,"['0', '0', '0', '0', '0']",1.0,0,0,"['0', '0', '0', '0', '0']",1.0,0,0,"['0', '0', '0', '0', '0']",1.0,0,0,"['0', '0', '0', '0', '0']",1.0,0,0,"['0', '0', '0', '0', '0']",1.0
SODIUM CHLORIDE 0.9 % IV : 500 ML,IV,0,0,0,"['0', '0', '0', '0', '0']",1.0,0,0,"['0', '0', '0', '0', '0']",1.0,0,0,"['0', '0', '0', '0', '0']",1.0,0,0,"['0', '0', '0', '0', '0']",1.0,0,0,"['0', '0', '0', '0', '0']",1.0
KCL 20 MEQ/50 ML,INTRAVENOU,0,0,0,"['0', '0', '0', '0', '0']",1.0,0,0,"['0', '0', '0', '0', '0']",1.0,0,0,"['0', '0', '0', '0', '0']",1.0,0,0,"['0', '0', '0', '0', '0']",1.0,0,0,"['0', '0', '0', '0', '0']",1.0
ENOXAPARIN,SUBCUTAN,0,0,0,"['0', '0', '0', '0', '0']",1.0,0,0,"['0', '0', '0', '0', '0']",1.0,0,0,"['0', '0', '0', '0', '0']",1.0,0,0,"['0', '0', '0', '0', '0']",1.0,0,0,"['0', '0', '0', '0', '0']",1.0
Ondansetron,IV,0,0,0,"['0', '0', '0', '0', '0']",1.0,0,0,"['0', '0', '0', '0', '0']",1.0,0,0,"['0', '0', '0', '0', '0']",1.0,0,0,"['0', '0', '0', '0', '0']",1.0,0,0,"['0', '0', '0', '0', '0']",1.0
"Sodium Chloride 0.9% 1,000 mL",IV,0,0,0,"['0', '0', '0', '0', '0']",1.0,0,0,"['0', '0', '0', '0', '0']",1.0,0,0,"['0', '0', '0', '0', '0']",1.0,0,0,"['0', '0', '0', '0', '0']",1.0,0,0,"['0', '0', '0', '0', '0']",1.0
PROPOFOL 10 MG/1 ML 100ML SDV INJ,IV,0,0,0,"['0', '0', '0', '0', '0']",1.0,0,0,"['0', '0', '0', '0', '0']",1.0,0,0,"['0', '0', '0', '0', '0']",1.0,0,0,"['0', '0', '0', '0', '0']",1.0,0,0,"['0', '0', '0', '0', '0']",1.0
ASPIRIN 325 MG PO TABS,PO,0,0,0,"['0', '0', '0', '0', '0']",1.0,0,0,"['0', '0', '0', '0', '0']",1.0,0,0,"['0', '0', '0', '0', '0']",1.0,0,0,"['0', '0', '0', '0', '0']",1.0,0,0,"['0', '0', '0', '0', '0']",1.0
PROTONIX,Oral,0,0,0,"['0', '0', '0', '0', '0']",1.0,0,0,"['0', '0', '0', '0', '0']",1.0,0,0,"['0', '0', '0', '0', '0']",1.0,0,0,"['0', '0', '0', '0', '0']",1.0,0,0,"['0', '0', '0', '0', '0']",1.0
POTASSIUM CHLORIDE,IV,0,0,0,"['0', '0', '0', '0', '0']",1.0,0,0,"['0', '0', '0', '0', '0']",1.0,0,0,"['0', '0', '0', '0', '0']",1.0,0,0,"['0', '0', '0', '0', '0']",1.0,0,0,"['0', '0', '0', '0', '0']",1.0
1000 ML - LACTATED RINGERS IV SOLN,IV,0,0,0,"['0', '0', '0', '0', '0']",1.0,0,0,"['0', '0', '0', '0', '0']",1.0,0,0,"['0', '0', '0', '0', '0']",1.0,0,0,"['0', '0', '0', '0', '0']",1.0,0,0,"['0', '0', '0', '0', '0']",1.0
SODIUM CHLORIDE 0.9%,INTRAVEN,0,0,0,"['0', '0', '0', '0', '0']",1.0,0,0,"['0', '0', '0', '0', '0']",1.0,0,0,"['0', '0', '0', '0', '0']",1.0,0,0,"['0', '0', '0', '0', '0']",1.0,0,0,"['0', '0', '0', '0', '0']",1.0
ONDANSETRON,INTRAVENOU,0,0,0,"['0', '0', '0', '0', '0']",1.0,0,0,"['0', '0', '0', '0', '0']",1.0,0,0,"['0', '0', '0', '0', '0']",1.0,0,0,"['0', '0', '0', '0', '0']",1.0,0,0,"['0', '0', '0', '0', '0']",1.0
HYDROMORPHONE (PF) 1 MG/ML INJ SYRINGE,IV,0,0,0,"['0', '0', '0', '0', '0']",1.0,0,0,"['0', '0', '0', '0', '0']",1.0,0,0,"['0', '0', '0', '0', '0']",1.0,0,0,"['0', '0', '0', '0', '0']",1.0,0,0,"['0', '0', '0', '0', '0']",1.0
WARFARIN SOD,PO,0,0,0,"['0', '0', '0', '0', '0']",1.0,0,0,"['0', '0', '0', '0', '0']",1.0,0,0,"['0', '0', '0', '0', '0']",1.0,0,0,"['0', '0', '0', '0', '0']",1.0,0,0,"['0', '0', '0', '0', '0']",1.0
WARFARIN SODIUM 5 MG PO TABS,PO,0,0,0,"['0', '0', '0', '0', '0']",1.0,0,0,"['0', '0', '0', '0', '0']",1.0,0,0,"['0', '0', '0', '0', '0']",1.0,0,0,"['0', '0', '0', '0', '0']",1.0,0,0,"['0', '0', '0', '0', '0']",1.0
LORAZEPAM 2 MG/ML IJ SOLN,IV,0,0,0,"['0', '0', '0', '0', '0']",1.0,0,0,"['0', '0', '0', '0', '0']",1.0,0,0,"['0', '0', '0', '0', '0']",1.0,0,0,"['0', '0', '0', '0', '0']",1.0,0,0,"['0', '0', '0', '0', '0']",1.0
50 ML FLEX CONT: MAGNESIUM SULFATE 40 MG/ML IJ SOLN,IV,0,0,0,"['0', '0', '0', '0', '0']",1.0,0,0,"['0', '0', '0', '0', '0']",1.0,0,0,"['0', '0', '0', '0', '0']",1.0,0,0,"['0', '0', '0', '0', '0']",1.0,0,0,"['0', '0', '0', '0', '0']",1.0
aspirin,PO,0,0,0,"['0', '0', '0', '0', '0']",1.0,0,0,"['0', '0', '0', '0', '0']",1.0,0,0,"['0', '0', '0', '0', '0']",1.0,0,0,"['0', '0', '0', '0', '0']",1.0,0,0,"['0', '0', '0', '0', '0']",1.0
